순위,책제목,저자,출판사,표지,링크
1위,만일 내가 인생을 다시 산다면 (10만 부 기념 스페셜 에디션),김혜남 저,메이븐,https://image.yes24.com/Goods/115142458/S,http://www.yes24.com/Product/Goods/115142458
2위,김미경의 마흔 수업,김미경 저 ,어웨이크북스,https://image.yes24.com/Goods/117188090/S,http://www.yes24.com/Product/Goods/117188090
3위,슬램덩크 신장재편판 20,"이노우에 타케히코 글,그림",대원,https://image.yes24.com/Goods/66360837/S,http://www.yes24.com/Product/Goods/66360837
4위,슬램덩크 신장재편판 1,"이노우에 타케히코 글,그림",대원,https://image.yes24.com/Goods/62921516/S,http://www.yes24.com/Product/Goods/62921516
5위,슬램덩크 신장재편판 18,"이노우에 타케히코 글,그림",대원,https://image.yes24.com/Goods/66360832/S,http://www.yes24.com/Product/Goods/66360832
6위,슬램덩크 신장재편판 16,"이노우에 타케히코 글,그림",대원,https://image.yes24.com/Goods/66360827/S,http://www.yes24.com/Product/Goods/66360827
7위,슬램덩크 신장재편판 17,"이노우에 타케히코 글,그림",대원,https://image.yes24.com/Goods/66360829/S,http://www.yes24.com/Product/Goods/66360829
8위,슬램덩크 신장재편판 3,"이노우에 타케히코 글,그림",대원,https://image.yes24.com/Goods/62921746/S,http://www.yes24.com/Product/Goods/62921746
9위,슬램덩크 신장재편판 15,"이노우에 타케히코 글,그림",대원,https://image.yes24.com/Goods/66360819/S,http://www.yes24.com/Product/Goods/66360819
10위,슬램덩크 신장재편판 19,"이노우에 타케히코 글,그림",대원,https://image.yes24.com/Goods/66360835/S,http://www.yes24.com/Product/Goods/66360835
